Group Name,Facebook Link
GHL Champs Community,https://www.facebook.com/share/g/1FNqaBjAi9/
Funnel Mastery Community,https://www.facebook.com/groups/759096116269465
Kohi Klubhouse,https://www.facebook.com/groups/kohiklubhouse
Molongski Freelancers,https://www.facebook.com/groups/2683761385273781
The Freelance Movement Tribe,https://www.facebook.com/groups/tfmfreeworkshop
Accounting Pifolz,https://www.facebook.com/groups/4371876416201967
FHMOMS,https://www.facebook.com/groups/fhmoms
Creative Earners Philippines,https://www.facebook.com/groups/creativeearnersph
Work From Homies PH,https://www.facebook.com/groups/workfromhomiesph/
YourVABuddy,https://www.facebook.com/groups/5466108276753721
Pinoy Beats AI,https://www.facebook.com/groups/1135420410847576
WFH Philippines Jobs,https://www.facebook.com/groups/wfhphilippines.freelance.jobs/