Remote Work Website,Links,About,Category
PropVA,https://propva.co.uk,UK agency specialising in Filipino VAs for UK property / e-commerce / marketing.,hiring-filipino-vas
Philippines Recruitment UK,https://philippinesrecruitment.co.uk/,"UK recruitment agency that specialises in connecting Filipino freelancers (including VAs) with UK SMEs. They emphasise cost-effective, English...",hiring-filipino-vas
The Property VA,https://www.thepropertyva.co.uk/filipinova,UK agency focused on property-industry support. They source Filipino virtual assistants (especially for UK property investors/businesses) with...,hiring-filipino-vas
Staff Avenue,https://staffavenue.co.uk/hire-virtual-staff-in-philippines/,"UK & Europe oriented staffing agency which connects UK businesses with virtual staff in the Philippines â€” emphasising admin, tech, and custome...",hiring-filipino-vas
Manpower Genius,https://manpowergenius.com/guide-for-uk-businesses/unlocking-efficiency-and-talent-outsourcing-your-office-staff-to-the-philippines-with-manpower-genius/,British-owned headhunter/remote staffing agency that specialises in helping UK businesses hire Filipino virtual assistants and remote staff.,hiring-filipino-vas
DigiWorks,https://www.teamdigiworks.com/virtual-assistant-from-the-philippines,"Platform that allows small/medium UK (and other) businesses to hire Filipino remote staff including virtual assistants, with their system hand...",hiring-filipino-vas
SOS VA Services / Smart Outsourcing Solution,https://smartoutsourcingsolution.com/virtual-assistant-services-philippines/,"Global outsourcing firm that offers Filipino virtual assistants covering admin, marketing, customer support; offers part-time and project-base...",hiring-filipino-vas
VirtualStaff.ph,https://www.virtualstaff.ph/en-ph,"A popular marketplace where Filipinos can create profiles and find direct remote work from employers in the US, UK, and Australia.",gig
Easy Outsourcing,https://easy-outsourcing.com,Boutique UK/Philippines outsourcing agency offering Filipino VAs for UK & Europe.,hiring-filipino-vas
Officium,https://officium.ph,A UK company mentioned in job-threads that provides managed Filipino VA services to UK clients.,hiring-filipino-vas
Digital SPS,https://digitalsps.co.uk/hire-Philippines-virtual-assistant.php,"UK digital agency advertising Filipino virtual assistants for remote tasks, with flexible global hiring model.",hiring-filipino-vas
CreaThink Solutions,https://creathink-solutions.com,UK-Philippines outsourcing advisor/firm that supports UK businesses to hire Filipino VAs.,hiring-filipino-vas
KDCI Outsourcing,https://kdci.co,"Outsourcing firm servicing global markets including UK, offering Filipino virtual assistants",hiring-filipino-vas
Remote Staff (Australia),https://www.remotestaff.com.au/,"Australia-founded remote staffing firm hiring Filipino VAs for AU & NZ clients, with recruitment and management support.",hiring-filipino-vas
Flat Planet,https://flatplanet.com.au/hire-filipino-virtual-assistant/,"Australian agency linking Aussie businesses with Filipino VAs for admin, support, and marketing roles. 5. Virtual Assistant Team - https:/ /ww...",hiring-filipino-vas
Outsource Workers,https://outsourceworkers.com.au/,Australian company specialising in trained Filipino real estate virtual assistants.,hiring-filipino-vas
Outsourcing Angel,https://outsourcingangel.com/,"Ethical offshore staffing provider sourcing Filipino talent for admin, ops, and support roles.",hiring-filipino-vas
Virtual Elves,https://virtualelves.com.au/,Australian VA agency hiring Filipino VAs and matching them quickly with Aussie businesses.,hiring-filipino-vas
StaffingSolutions.io (SSIO),https://staffingsolutions.io/,"Helps Australian companies hire Filipino VAs with scalable, cost-effective staffing options.",hiring-filipino-vas
WorkMate Pro,https://www.workmatepro.com/,"Platform connecting Filipino VAs with international clients, focused on productivity and role matching.",hiring-filipino-vas
Global Teams,https://globalteams.com.au/career-philippines/,Australian remote staffing firm hiring Philippines-based VAs through local career pages.,hiring-filipino-vas
ArmA Sourcing,https://armasourcing.com/,Provides Filipino VA staffing solutions tailored for Australian businesses.,hiring-filipino-vas
Outshore,https://outshore.com.au/,"Australian outsourcing firm placing Filipino remote staff for admin, digital, and dev roles.",hiring-filipino-vas
Beepo,https://www.beepo.com.au/,Australian outsourcing platform offering Filipino VAs for admin and support roles.,hiring-filipino-vas
ProSource,https://prosource.com.au/,"Outsourcing agency recruiting Filipino VA contractors for admin, e-commerce, and marketing.",hiring-filipino-vas
WorkspaceCo Outsourcing,https://workspacecooutsourcing.com/,"Australian firm hiring university-educated Filipino VAs for admin, social media, and e-commerce.",hiring-filipino-vas
Platinum Outsourcing,https://platinumoutsourcing.com.au/,"Outsourcing provider offering Filipino staff for VA, customer support, design, and tech roles.",hiring-filipino-vas
AgentSync,https://agentsync.com.au/,"Offers Essential and Elite Filipino VAs for Australian clients, full-time or part-time.",hiring-filipino-vas
Smart Outsourcing Solution (SOS),https://smartoutsourcingsolution.com/,"Premium EOR-wrapped model for SaaS scale-ups with a flat monthly fee covering compliance, payroll, and HR.",agency
CrewBloom,https://www.crewbloom.com/,High-growth outsourcing agency connecting top 2% of Filipino remote talent with global businesses.,hiring-filipino-vas
SuperStaff,https://superstaff.com/,"Enterprise-grade BPO providing specialized virtual assistants for admin, e-commerce, and customer service.",hiring-filipino-vas
Booth & Partners,https://boothandpartners.com/,Offers tailored offshore staffing solutions with a focus on sustainability and high-quality Filipino talent.,hiring-filipino-vas
Stellar Staff,https://stellarstaff.com/,"Emerging agency providing dedicated Filipino VAs for real estate, marketing, and administrative roles.",hiring-filipino-vas
Outsourcey,https://outsourcey.com/,Australian-owned agency specializing in high-quality Filipino virtual assistants for SMEs.,hiring-filipino-vas
Access Offshoring,https://accessoffshoring.com.au/,Provides tailored offshore staffing solutions for businesses worldwide.,australia
Cool Pixels,https://www.coolpixels.com.au/,Specializes in virtual assistants for creative and digital marketing tasks.,hiring-filipino-vas
24x7 Direct,https://www.24x7direct.com.au/,Offers 24/7 virtual assistant services for customer support and admin tasks.,hiring-filipino-vas
Virtual Staff 365,https://www.virtualstaff365.com.au/,Connects businesses with highly skilled virtual assistants for year-round support.,hiring-filipino-vas
Remote Staff Philippines,https://www.remotestaff.ph/,Focuses on providing permanent remote staffing solutions for global clients.,agency
Clear Admin People,https://www.adminpeople.com.au/,Delivers professional virtual assistants for administrative and operational support.,hiring-filipino-vas
Virtual Champions,https://virtualchampions.ph/,Specializes in virtual assistants for entrepreneurs and small businesses,hiring-filipino-vas
OnlineHelpers,https://onlinehelpers.info/,Online Helpers is an Australian-owned company specializing in providing affordable offshore virtual assistance to small and medium-sized busin...,australia
My Cloud Assistant,https://www.mycloudassistant.com.au/,"My Cloud Assistant offers virtual assistant services tailored for busy professionals, small to medium-sized businesses, and individuals.",hiring-filipino-vas
OVA Virtual Assistant,https://ovavirtual.com/,"OVA Virtual is a women-led virtual assistant company based in the Philippines, specializing in providing skilled and reliable support for entr...",hiring-filipino-vas
Bottleneck Distant Assistants,https://bottleneck.online/,Emphasizes well-trained staff for specialized VA roles.,hiring-filipino-vas
Global Hola,https://www.globalhola.com,Promotes a fun and inclusive virtual culture for Filipino VAs.,hiring-filipino-vas
Olivia Pros,https://www.oliviapros.com/careers,WFH also for Filipino VAs,hiring-filipino-vas
My Virtudesk,https://myvirtudesk.com/,"Offers virtual assistant services for various industries, including real estate and marketing.",hiring-filipino-vas
Kalibrr,https://www.kalibrr.com/,Platform that connects employers with job seekers in the Philippines.,hiring-filipino-vas
Career Jet PH,https://www.careerjet.ph/,A job search engine that includes job listings in the Philippines.,hiring-filipino-vas
Fast Track FBA,https://fasttrackfba.com/,Offers Amazon FBA virtual assistant services to help businesses scale.,hiring-filipino-vas
VirtualHub PH,https://virtualhub.ph/,"Provides virtual assistant services, specializing in helping businesses in the Philippines.",hiring-filipino-vas
Cloudstaff Careers,https://cloudstaff.com/careers/,Leading remote staffing firm offering premium work habitats and long-term careers for Philippine professionals.,hiring-filipino-vas
Pineapple Staffing,https://pineapplestaffing.com/,"Provides virtual staffing solutions for businesses, including virtual assistants.",hiring-filipino-vas
Coconut VA,https://coconutva.com/,Provides virtual assistant services to help businesses with various tasks.,hiring-filipino-vas
VirtualStaff,https://www.virtualstaff.ph/,"A popular marketplace where Filipinos can create profiles and find direct remote work from employers in the US, UK, and Australia.",gig
OnlineJobs,https://www.onlinejobs.ph/,The largest and most established marketplace for finding direct-hire remote jobs in the Philippines with thousands of listings.,gig
MyOutDesk,https://www.myoutdesk.com/,Specializes in real estate VAs,agency
Virtual Staff Finder,https://www.virtualstafffinder.com/careers/,Curated selection of top VA candidates,hiring-filipino-vas
eVirtualAssistants,https://www.evirtualassistants.com/,Marketplace platform focused on providing direct communication between clients and Filipino virtual assistants.,gig
OVA Virtual,https://www.facebook.com/OVAVIRTUAL/,Provides skilled Filipina VAs for various roles,agency
TaskBullet,https://www.taskbullet.com/,"Platform offering a ""bucket system"" for virtual assistant services, suitable for flexible project-based and hourly task work.",gig
USource,https://usource.me/services/virtual-assistants/,"Range of services (digital marketing, customer support) with full-time VAs",agency
Hello Rache,https://hellorache.com/,"Specialized staffing agency for healthcare professionals, providing stable remote roles for registered nurses as medical scribes.",hiring-filipino-vas
MultiplyMii,https://www.multiplymii.com/,End-to-end recruitment firm connecting talented Filipinos with high-growth e-commerce businesses globally.,hiring-filipino-vas
Outsource Access,https://outsourceaccess.com/,Caters to solopreneurs and small businesses,agency
Support Shepherd,https://www.somewhere.com/,"Executive headhunting firm focused on long-term, high-quality remote career placements for Filipino professionals.",hiring-filipino-vas
Remote CoWorker,https://remotecoworker.com/,"Connects clients with suitable VAs (bilingual options, dedicated management)",agency
VirtualCoworker,https://virtualcoworker.com.ph/,Simplifies hiring with top resumes and paperwork handling,agency
Virtual Assistant Talent,https://virtualassistanttalent.com/,Matches entrepreneurs with suitable VAs after consultation,hiring-filipino-vas
Remote Workmate,https://remoteworkmate.com/,Offers a variety of VA services with specialized roles,hiring-filipino-vas
Pepper Virtual Assistants,https://peppervirtualassistant.com/,"Range of virtual assistant services (quality, reliability)",hiring-filipino-vas
Virtual Done Well,https://www.virtualdonewell.com/careers/,Comprehensive VA services with a focus on quality and client satisfaction,hiring-filipino-vas
TaskAway,https://taskawayva.com/,"Provides skilled VAs for various tasks (administrative, project management)",agency
24/7 Virtual Assistant,https://20four7va.com/,Round-the-clock virtual assistant services,hiring-filipino-vas
GetFriday,https://www.getfriday.com/,Personal and business assistance tailored to client needs,agency
Belay Solutions,https://belaysolutions.com/jobs/,Virtual assistants and bookkeepers with high-quality service,hiring-filipino-vas
Fancy Hands,https://www.fancyhands.com/jobs,Subscription-based service for various administrative tasks with a pool of VAs,agency
Taskbullet,https://taskbullet.com/,"Platform offering a ""bucket system"" for virtual assistant services, suitable for flexible project-based and hourly task work.",gig
HelloRache,https://hellorache.com/work-with-us/,Focuses on providing virtual assistants to healthcare professionals.,hiring-filipino-vas
My Freight Staff,https://myfreightstaff.ph/,Provides virtual assistants trained specifically for the freight industry.,hiring-filipino-vas
HighCall,https://highcallva.com/,"Virtual assistant service offering medical transcription, billing, and customer service.",hiring-filipino-vas
USource,https://usource.me/,Digital outsourcing company offering a large pool of digital talent with flexible hiring options.,agency
Logix BPO,https://logixbpo.com/rpo/,Recruitment Process Outsourcing (RPO) company specializing in building and managing remote recruitment teams.,agency
GrowthAssistant,https://www.growthassistant.ph/,Growth marketing team that hires for various roles and offers a positive workplace culture.,agency
DailyRemote,https://dailyremote.com/,Offers remote job listings and resources for remote workers.,agency
ContentDa,https://contentda.com/,A content marketplace that connects businesses with freelance writers.,gig
Remote Work,https://remotework.com/,A platform that provides resources and job listings for remote workers.,agency
WriterBay,https://www.writerbay.com/,A platform that connects freelance writers with clients for various writing projects.,agency
Remote Job Market,https://remotejobmarket.com/,A job board that focuses on remote work opportunities.,agency
FreelanceWritingJobs,https://www.freelancewritingjobs.ca/,Offers resources and job listings for freelance writers.,agency
Crowd Content,https://www.crowdcontent.com/,A content marketplace that connects businesses with freelance writers.,gig
GoRemote,https://goremote.ph/,A job board focused on remote job opportunities.,agency
Remote Health Jobs,https://remotehealthjobs.com/,A job board that specializes in remote healthcare job opportunities.,agency
JobMarket,https://www.jobmarket.ph/,JobMarket is a job portal that offers job listings across various industries and roles. It also provides career advice and resources to help j...,agency
Workbank,https://www.workbank.com/,Workbank is a job portal that offers job listings across various industries and roles in the Philippines. It also provides career advice and r...,hiring-filipino-vas
PhilJobNet,https://philjobnet.gov.ph/,PhilJobNet is an online job portal that offers job listings across various industries and roles. It also provides career advice and resources ...,agency
Jobs180,https://www.jobs180.com/,Jobs180 is a job portal that offers job listings across various industries and roles. It also provides career advice and resources to help job...,agency
Worksvianet,https://www.worksvianet.com/,Worksvianet is a job portal that offers job listings across various industries and roles. It also provides career advice and resources to help...,agency
JobQuest,https://jobquest.ph/,JobQuest.ph is a job portal in the Philippines that offers a wide range of job opportunities for job seekers. It is designed to connect job se...,hiring-filipino-vas
Ylopo LLC,https://www.ylopo.com/jobs,Ylopo is a real estate technology company that provides digital marketing solutions for real estate agents and brokers,agency
The VA Hub,https://thevahub.org/contact/,The VA Hub is a Philippine-based virtual assistant company that offers a wide range of virtual assistant services to businesses and entreprene...,hiring-filipino-vas
Virtual Freelancer Asia,https://virtualfreelancerasia.com/,Virtual Freelancer Asia is a Philippine-based virtual assistant and outsourcing company that offers a variety of services to businesses and en...,hiring-filipino-vas
The Writer Finder,https://thewriterfinder.com/,Connects businesses with freelance writers for various content writing projects.,agency
Remote Weekly,https://remoteweekly.com/,Offers a curated list of remote job opportunities through a newsletter.,agency
Remote Connections,https://remoteconnections.io/,Provides resources and job listings for remote workers.,agency
Freelance Writing Jobs Board,https://www.freelancewritingjobboard.com/,Offers job listings and resources for freelance writers.,agency
TextMaster,https://www.textmaster.com/,"A platform that provides translation, copywriting, and proofreading services.",agency
Freelance Writing Gigs,https://www.freelancewritinggigs.com/,Offers resources and job listings for freelance writers.,agency
ClearVoice,https://www.clearvoice.com/,A content marketplace that connects businesses with freelance writers.,gig
iWriter,https://www.iwriter.com/,A platform that connects freelance writers with clients for various writing projects.,agency
BKA Content,https://www.bkacontent.com/,Agency that hires freelance writers for various projects.,agency
CopyPress,https://www.copypress.com/,Agency that hires freelance writers for various projects.,agency
Compose.ly,https://compose.ly/,Platform that connects businesses with freelance writers.,agency
Media Shower,https://www.mediashower.com/,Agency that hires freelance writers for various projects.,agency
nDash,https://www.ndash.com/,Platform that connects businesses with freelance writers.,agency
The Creative Group,https://www.roberthalf.com/creativegroup,Agency that specializes in connecting businesses with creative talent.,agency
Contently,https://contently.com/,Platform that connects businesses with freelance writers.,agency
Writerzillas,https://www.writerzillas.com/,A platform that connects freelance writers with clients for various writing projects.,agency
Scripted,https://www.scripted.com/,A platform that connects businesses with freelance writers for various content writing projects.,agency
Ebyline,https://ebyline.com/,A marketplace for freelance journalists and content creators.,gig
WriterDuet,https://www.writerduet.com/,A collaborative screenwriting software that offers remote work opportunities.,agency
Skyword,https://www.skyword.com/,Platform that connects businesses with freelance writers.,agency
Copify,https://us.copify.com/,A content marketplace that connects businesses with freelance writers.,gig
Content Runner,https://www.contentrunner.com/,A platform that connects businesses with freelance writers for various content writing projects.,agency
Express Writers,https://expresswriters.com/,Agency that hires freelance writers for various projects.,agency
BlogMutt,https://www.verblio.com/blogmutt,Platform that connects businesses with freelance writers.,agency
WriterAccess,https://www.writeraccess.com/,A content marketplace that connects businesses with freelance writers.,gig
QualityText,https://www.qualitytext.net/,A platform that offers content writing services and hires freelance writers.,agency
ArticleBunny,https://www.articlebunny.com/,Platform that connects businesses with freelance writers.,agency
ContentDaDa,https://contentdada.com/,A content marketplace that connects businesses with freelance writers.,gig
GetACopywriter,https://getacopywriter.com/,A platform that offers copywriting services and hires freelance writers.,agency
WritingJobz,https://writingjobz.com/,A platform that connects freelance writers with clients for various writing projects.,agency
WriterRelief,https://www.writerrelief.com/,A service that helps writers find markets for their work and offers remote work opportunities.,agency
ContentWritersPh,https://contentwriters.ph/,A platform that connects businesses with Filipino freelance writers.,hiring-filipino-vas
EssayWriters,https://essaywriters.net/,A platform that connects freelance academic writers with clients.,agency
Academia-Research,https://www.academia-research.com/,A platform that offers academic writing job opportunities for freelance writers.,agency
HireWriters,https://www.hirewriters.com/,A content marketplace that connects businesses with freelance writers.,gig
Livingston Research,https://www.livingston-research.com/,A platform that offers academic writing job opportunities for freelance writers.,agency
WriteZillas,https://writezillas.com/,A platform that connects freelance writers with clients for various writing projects.,agency
Artisan Creative,https://www.artisancreative.com/,Agency that specializes in connecting businesses with creative talent.,agency
Writer's Job Board,https://writersjobboard.com/,Offers resources and job listings for freelance writers.,agency
Scribe Media,https://scribemedia.com/,Agency that hires freelance writers for various projects.,agency
Cactus Communications,https://www.cactusglobal.com/,Agency that offers remote work opportunities for freelance writers.,agency
WriterPool,https://www.writerpool.com/,A platform that connects businesses with freelance writers for various content writing projects.,agency
ContentlyAsia,http://www.contently.asia/,Platform that connects businesses with freelance writers in Asia.,agency
OneSpace,https://www.onespace.com/,"A platform that offers remote work opportunities for various tasks, including content creation.",agency
RemoteWriterJobs,https://remotewriterjobs.com/,A job board focused on remote writing job opportunities.,agency
The Content Company,https://thecontentcompany.ca/,Agency that hires freelance writers for various projects.,agency
The Creative Loft,https://www.thecreativeloft.com/,"A job board focused on creative job opportunities, including writing and design.",agency
BloggingPro,https://www.bloggingpro.com/jobs/,Offers resources and job listings for freelance bloggers.,agency
ProBlogger Job Board,https://problogger.com/jobs/,A job board focused on blogging and content writing job opportunities.,agency
Freelance Writing,https://www.freelancewriting.com/,Offers resources and job listings for freelance writers.,agency
Freelance Writing Jobs,https://freelancewritingjobs.com/,A job board focused on freelance writing job opportunities.,agency
Textbroker,https://www.textbroker.com/,A content marketplace that connects businesses with freelance writers.,gig
JournalismJobs.com,https://www.journalismjobs.com/,A job board focused on journalism and media job opportunities.,agency
Greatlance,https://www.greatlance.com/,"A platform for finding and hiring freelance professionals, including remote workers.",agency
Quietly,https://quietly.pinpointhq.com/,Agency that hires freelance writers for various projects.,agency
Remote Year,https://www.remoteyear.com/,"A platform that offers remote work and travel programs, providing resources and job listings for remote workers.",agency
Remoters,https://remoters.net/,A platform that provides resources and job listings for remote workers.,agency
Contentify,https://contentify.co/,Platform that connects businesses with freelance writers.,agency
Contena,https://www.contena.co/,"A platform that offers resources, tools, and job listings for freelance writers.",agency
EuroFreelancers,https://eurofreelancers.eu/,"A platform that connects European freelance professionals with clients for various projects, including writing jobs.",agency
Virtual Staff Finder,virtualstafffinder.com,A platform that helps businesses connect with the best Filipino virtual assistants for their needs.,hiring-filipino-vas
Virtual Gal Friday,https://virtualgalfriday.com,"Offers a range of virtual assistant services, including administrative support, customer service, and more.",hiring-filipino-vas
Bottleneck Virtual Assistants,https://bottleneck.ph/,Provides dedicated virtual assistants to help businesses streamline their operations.,hiring-filipino-vas
Virtual Latinos,https://www.virtuallatinos.com/vas,Connects businesses with bilingual virtual assistants from Latin America.,hiring-filipino-vas
Wishup,https://www.wishup.co/careers,Offers professional virtual assistant services for entrepreneurs and businesses.,hiring-filipino-vas
Boldly,https://boldly.com/jobs/,Agency provides remote executive assistants.,hiring-filipino-vas
VA Staffer,https://vastaffer.com/,Offers virtual assistant services to help businesses grow and succeed.,hiring-filipino-vas
Priority VA,https://priorityva.com/,Specializes in providing high-quality virtual assistants for entrepreneurs and business owners.,hiring-filipino-vas
OkayRelax,https://okayrelax.com/,A platform that connects users with virtual assistants for personal and professional tasks.,hiring-filipino-vas
RemoteWorkMate,https://www.remoteworkmate.com/,"Offers various remote staffing solutions for businesses, including virtual assistants.",hiring-filipino-vas
WoodBows,https://www.woodbows.com/,Provides dedicated virtual assistant services to help businesses scale.,hiring-filipino-vas
RemoteCo,https://remoteco.com/,A job board that focuses on connecting businesses with remote workers.,agency
Remote Global,https://remoteglobal.com/,Offers a platform for finding remote jobs and freelance projects worldwide.,agency
Virtual Coworker,https://www.virtualcoworker.com/,Agency that specializes in providing remote workers from the Philippines.,hiring-filipino-vas
Remote Bliss,https://remotebliss.com/,A platform that helps users find remote work opportunities and resources.,agency
Remote Work Pros,https://remoteworkpros.com/,Offers resources and information for remote workers and businesses.,agency
Dynamite Jobs,https://dynamitejobs.co/,A job board that focuses on connecting remote workers with employers.,agency
Remote.co,https://remote.co/,Provides resources and job listings for remote workers and businesses.,agency
FlexJobs,https://www.flexjobs.com/,A job board that offers flexible and remote job opportunities.,agency
Remote OK,https://remoteok.io/,A platform for finding remote jobs in various industries.,agency
We Work Remotely,https://weworkremotely.com/,A job board that specializes in remote job opportunities.,agency
Remotees,https://remotees.com/,Aggregates remote job listings from multiple sources.,agency
SkipTheDrive,https://www.skipthedrive.com/,A platform that helps users find telecommuting and remote work opportunities.,agency
Outsourcely,https://www.outsourcely.com/,Connects businesses with remote workers for long-term employment.,agency
Indeed,https://www.indeed.com/,A popular job search engine that includes remote job listings.,agency
Virtual Vocations,https://www.virtualvocations.com/,A job board that specializes in telecommuting and remote work opportunities.,agency
Remote Jobs Club,https://remotejobsclub.com/,Offers a curated list of remote job opportunities through a newsletter.,agency
Remotive,https://remotive.io/,A platform that connects remote workers with job opportunities and resources.,agency
Freelancer,https://www.freelancer.com/,"A marketplace for freelance services, including virtual assistance and other remote work.",gig
Upwork,https://www.upwork.com/,The worlds largest freelance platform offering a vast range of remote opportunities for Filipino specialists and agencies.,gig
Guru,https://www.guru.com/,"A platform for finding and hiring freelance professionals, including virtual assistants.",hiring-filipino-vas
PeoplePerHour,https://www.peopleperhour.com/,A marketplace for connecting businesses with freelancers for various tasks and projects.,gig
FreeUp,https://freeup.net/,"High-end freelance marketplace that pre-vets talent, connecting top 1% of Filipino freelancers with global business owners.",gig
Fiverr,https://www.fiverr.com/,"A marketplace for freelance services, including virtual assistance and other remote work.",gig
Remote Jobs Center,https://remotejobscenter.com/,A job board focused on remote job opportunities.,agency
Pangian,https://pangian.com/,Connects remote workers with job opportunities and offers resources for working remotely.,agency
Jobspresso,https://jobspresso.co/,A job board specializing in remote work opportunities.,agency
LinkedIn,https://www.linkedin.com/,A professional networking site that includes remote job listings.,agency
Glassdoor,https://www.glassdoor.com/,Platform that includes company reviews and remote job opportunities.,agency
Remote Woman,https://remotewoman.com/,A platform that offers remote job opportunities specifically for women.,agency
Remote Work Hub,https://remoteworkhub.com/,Provides resources and job listings for remote workers and businesses.,agency
CloudPeeps,https://www.cloudpeeps.com/,"A marketplace for freelance professionals, including virtual assistants and remote workers.",hiring-filipino-vas
JustRemote,https://justremote.co/,A job board focused on remote job opportunities.,agency
Hubstaff Talent,https://talent.hubstaff.com/,"A directory of freelance professionals, including remote workers and virtual assistants.",hiring-filipino-vas
Remote4Me,https://remote4me.com/,A job aggregator that collects remote job listings from multiple sources.,agency
"""""Remote Jobseeker""","""https://remotejobseeker.com/"",""Offers resources and job listings for remote workers.""",Agency,agency
Working Nomads,https://www.workingnomads.co/,A job board that focuses on remote work opportunities for digital nomads.,agency
Remote Employment,https://www.remoteemployment.com/,A platform that offers remote job opportunities and resources.,agency
SolidGigs,https://solidgigs.com/,Curates freelance job opportunities and provides resources for freelancers.,agency
Remotely,https://www.remotely.jobs/,A platform that focuses on remote job opportunities and resources.,agency
RemoteHabits,https://remotehabits.com/,Offers resources and information for remote workers and businesses.,agency
Time Etc,https://web.timeetc.com/,Provides virtual assistant services to help businesses with various tasks.,hiring-filipino-vas
Speedlancer,https://speedlancer.com/,A marketplace that connects businesses with freelancers for fast project completion.,gig
Croissant,https://www.getcroissant.com/,A platform that offers resources and job listings for remote workers.,agency
AngelList,https://angel.co/,A platform for startups that includes remote job opportunities.,agency
NoDesk,https://nodesk.co/,"Offers resources, job listings, and information for remote workers and businesses.",agency
Workew,https://workew.com/,A platform that provides remote job listings and resources.,agency
RemoteBase,https://remotebase.com/,A job board focused on remote job opportunities.,agency
PowerToFly,https://powertofly.com/,"Connects businesses with diverse talent, including remote workers.",agency
Jobicy,https://jobicy.com/,A job board that specializes in remote work opportunities.,agency
Authentic Jobs,https://authenticjobs.com/,A job board that focuses on creative and remote job opportunities.,agency
Remote Work Life,https://remoteworklife.co,"Offers resources, job listings, and information for remote workers.",agency
Truelancer,https://www.truelancer.com/,A freelance marketplace that connects businesses with remote professionals.,gig
Golance,https://golance.com/,"A platform for finding and hiring freelancers, including virtual assistants and remote workers.",hiring-filipino-vas
99 Designs,https://99designs.com/,A platform that connects businesses with graphic designers for various projects.,agency
Toptal,https://www.toptal.com/,"A marketplace for hiring top-tier freelance professionals, including remote workers.",gig
Envato Careers,https://envato.com/careers/,Offers remote job opportunities within the creative industry.,agency
Go Transcript,https://gotranscript.com/,A transcription service that hires remote workers for transcription projects.,agency
Transcribe Me,https://www.transcribeme.com/,A platform that connects transcriptionists with clients for various transcription jobs.,agency
Scribie,https://scribie.com/,Offers transcription services and hires remote transcriptionists.,agency
Rev,https://www.rev.com/,"Provides transcription, captioning, and translation services while hiring remote workers.",agency
Speech Pad,https://www.speechpad.com/,"Offers transcription and captioning services, and hires remote workers for these tasks.",agency
Appen Online,https://appen.com/,"A platform that provides data collection and annotation services, and hires remote workers.",agency
Civi Mom,https://civimom.com/,Offers work-from-home opportunities for stay-at-home moms.,agency
Way With Words Jobs,https://waywithwordsjobs.com/,A transcription service that hires remote transcriptionists for various projects.,agency
Accutrang Global,https://www.accutranglobal.com/,A transcription and translation service that hires remote workers.,agency
Crowdsurf Work,http://www.crowdsurfwork.com/,A platform that offers transcription and captioning work for remote workers.,agency
Verbalink Jobs,https://verbalink.com/jobs/,A transcription service that hires remote transcriptionists.,agency
Workshop Casting Words,https://castingwords.com/,Offers transcription services and hires remote workers for various projects.,agency
Analysia,http://www.analysia.com/,A platform that connects businesses with users for website testing and feedback.,agency
Enroll App,https://enrollapp.com/,Allows users to test websites and provide feedback for businesses.,agency
Startup Lift,https://startuplift.com/,A platform that offers website and app testing opportunities for remote workers.,agency
Testing Time,https://www.testingtime.com/,Connects businesses with remote testers for user testing and feedback.,agency
Try My UI,https://www.trymyui.com/,A platform that offers remote usability testing opportunities.,usa
User Feel,https://www.userfeel.com/,Provides remote usability testing services for businesses.,usa
Userlytics,https://www.userlytics.com/,A platform that offers remote user testing opportunities for businesses.,agency
Usertest IO,https://usertest.io/,Connects businesses with remote testers for website and app usability testing.,usa
User Testing,https://www.usertesting.com/,A platform that provides remote usability testing services for businesses.,usa
Utest,https://www.utest.com/,A platform that offers software testing opportunities for remote workers.,agency
What Users Do,https://app.whatusersdo.com/,Connects businesses with remote testers for website and app usability testing.,usa
Remotasks,https://remotasks.com/,"A platform that offers various tasks for remote workers, such as data annotation and transcription.",agency
Humanatic,https://www.humanatic.com/,Offers remote call reviewing opportunities for users.,agency
10up,https://10up.com/,Agency,agency
15Five,https://www.15five.com,Continuous performance management software,agency
17hats,https://www.17hats.com/,Business management platform for entrepreneurs,agency
18F,https://18f.gsa.gov/,Digital services agency within the U.S. government,agency
1Password,https://www.1password.com,Password management software,agency
42 Technologies,https://www.42technologies.com/,Analytics and inventory management platform,agency
abiturma,https://www.abiturma.de/,Online school administration system,agency
Ably,https://www.ably.io/,Real-time data delivery platform,agency
Abstract API,https://www.abstractapi.com,API services for IP geolocation and more,agency
acct,https://acct.global,Accounting and financial services platform,agency
Acivilate,https://acivilate.com/,Technology solutions for criminal justice,agency
Acquia,https://www.acquia.com/,Digital experience platform,agency
ActiveCampaign,https://www.activecampaign.com/,Email marketing and automation software,agency
Ad Hoc,https://www.adhocteam.us/,Digital services agency,agency
Adaface,https://www.adaface.com,Pre-employment testing software,agency
AddStructure,https://www.bazaarvoice.com/,Product data and review analytics platform,agency
Adeva,https://adevait.com/,Remote software development agency,agency
Adzuna,https://www.adzuna.co.uk/,Job search engine,agency
AE Studio,https://ae.studio/,Software development and design agency,agency
Aerolab,https://aerolab.co/,Digital product agency,agency
Aerostrat,https://aerostratsoftware.com/,Aviation management software,agency
AgFlow,https://www.agflow.com,Agricultural commodities marketplace,gig
Aha!,https://www.aha.io,Product roadmap software,agency
Aim India,https://www.aimincorp.com/,Business process outsourcing services,agency
Airbank,https://www.joinairbank.com/,Business banking platform,agency
Airbyte,https://airbyte.com/,Open-source data integration platform,agency
AirGarage,https://www.airgarage.com/,Parking management and reservations platform,agency
AirTreks,https://www.airtreks.com/,Multi-stop flight booking platform,agency
Aivitex,https://aivitex.com/,IT solutions and consulting services,agency
Alan,https://alan.com/,Health insurance platform,agency
Alami,https://alamisharia.co.id/en/,Islamic banking and finance platform,agency
Algorithmia,https://algorithmia.com/,Enterprise AI platform,agency
ALICE,https://aliceplatform.com,Operations platform for real estate,agency
Alight Solutions,https://alight.com,HR and financial solutions,agency
Alley,https://alley.co,Digital consulting and development,agency
allyDVM,https://www.allydvm.com/,Veterinary practice management software,agency
AlphaSights,https://engineering.alphasights.com,Knowledge search platform for professionals,agency
Amazon,https://www.amazon.jobs/en/locatio,E-commerce and technology giant,agency
Ambaum,https://ambaum.com/,Custom software development,agency
Andela,https://andela.com/,Distributed engineering teams,agency
Animalz,https://www.animalz.co,Content marketing agency,agency
Annertech,https://www.annertech.com,Drupal web development and consulting,agency
Anomali,https://www.anomali.com/company/,Threat intelligence and detection,agency
apartment therapy,http://www.apartmenttherapy.com/,Home design and decor inspiration,agency
Appinio,https://appinio.com/,Mobile market research platform,agency
Applaudo,https://applaudostudios.com,Custom software development,agency
Appstractor Corporation,https://www.appstractor.com/,Software development and consulting,agency
Appwrite,https://appwrite.io,Backend-as-a-Service platform,agency
argyle,https://argyle.com/,Employment data platform,agency
ARK,https://www.ark.io/careers,Blockchain technology and services,agency
Arkency,https://arkency.com/,Ruby on Rails development agency,agency
Art & Logic,https://artandlogic.com,Custom software development,agency
Artefactual Systems,https://www.artefactual.com,Archival software and digital preservation,agency
Articulate,https://www.articulate.com,E-learning software and services,agency
Astronomer,https://www.astronomer.io/,Data engineering platform,agency
Atlassian,https://www.atlassian.com/,Collaboration and productivity software,agency
Audiense,https://www.audiense.com/,Audience intelligence platform,agency
Aula Education,https://aula.education/,Learning experience platform for universities,agency
Auth0,https://auth0.com/,Identity and authentication platform,agency
Axelerant,https://axelerant.com/,Open-source software development and support,agency
Axios,https://axios.com/,News media company,agency
Bairesdev,https://bairesdev.com/,Custom software development outsourcing,agency
Balena,https://www.balena.io/,IoT fleet management platform,agency
Balsamiq,https://balsamiq.com/,Rapid wireframing and prototyping tool,agency
Bandcamp,https://bandcamp.com/,Online music platform,agency
BandLab,https://bandlab.com/,Music creation and collaboration platform,agency
Bandzoogle,https://bandzoogle.com/,Website builder for musicians,agency
Baremetrics,https://baremetrics.com/,Subscription analytics and insights,agency
Basecamp,https://basecamp.com/,Project management and collaboration software,agency
Bear Group,https://www.beargroup.com/,Custom web development agency,agency
BeBanjo,https://bebanjo.com/,Software solutions for the media industry,agency
BeenVerified,https://www.beenverified.com/,Background check and public records search,agency
Best Practical Solutions,https://bestpractical.com/,Help desk and project management software,agency
Betable,https://corp.betable.com/,Real-money gaming platform and services,agency
BetaPeak,https://betapeak.com/,Software development and IT consulting,agency
BetterUp,https://www.betterup.com/,Professional coaching platform,agency
Beyond Company,https://beyondcompany.com.br/,Software development and digital transformation,agency
BeyondPricing,https://beyondpricing.com,Automated pricing for vacation rentals,agency
Big Cartel,https://www.bigcartel.com,E-commerce platform for artists and makers,agency
Bill,https://www.bill.com/,Financial automation and billing software,agency
Bit Zesty,https://bitzesty.com/,Agile software development agency,agency
Bitnami,https://bitnami.com/,Application packaging and deployment,agency
Bitovi,https://bitovi.com/,JavaScript consulting and training,agency
Bizink,https://bizinkonline.com,Digital marketing and website solutions,agency
Blameless,https://www.blameless.com/,Site reliability engineering platform,agency
Bloc,https://www.bloc.io/,Online coding bootcamp,agency
BlueCat Networks,https://bluecatnetworks.com/,"DNS, DHCP, and IP address management",agency
Bluespark,https://www.bluespark.com/,Drupal web development and design agency,agency
Boldare,https://boldare.com,Agile software development and design,agency
Bounteous,https://bounteous.com,Digital marketing and commerce agency,agency
Brainstorm Force,https://brainstormforce.com/,WordPress plugins and themes development,agency
Brave Investments,https://www.crunchbase.com/organi...,Investment firm focused on Brazil,agency
Bright Funds,https://www.brightfunds.org,Employee giving and charitable platform,agency
Brikl,https://www.brikl.com/,3D and customization platform for e-commerce,agency
BriteCore,https://britecore.com/,Insurance software platform,agency
Broadwing,https://www.broadwing.io/,Digital product development agency,agency
Buffer,https://buffer.com/,Social media management platform,agency
Bugfender,https://bugfender.com/,Mobile app log aggregation and monitoring,agency
BuySellAds,https://www.buysellads.com/,Advertising platform for publishers,agency
Cabify,https://cabify.com/,Ride-hailing and mobility platform,agency
Calamari,https://calamari.io/,Leave and attendance management software,agency
Calibre,https://calibreapp.com/,Web performance monitoring and optimization,agency
CANCOM,https://www.cancom.com/,IT infrastructure and services provider,agency
Canonical,https://www.canonical.com/,Open-source software and services,agency
Capchase,https://www.capchase.com/,Revenue-based financing for startups,agency
Capital One,https://www.capitalonecareers.com/,Financial services and banking,agency
Carbon Black,https://www.carbonblack.com/,Endpoint security and threat intelligence,agency
Cards Against Humanity,https://cardsagainsthumanity.com/,Card game and entertainment company,agency
CareCru,https://carecru.com,Dental technology and software solutions,agency
CareMessage,https://caremessage.org/careers/,Patient engagement and messaging platform,agency
CartoDB,https://cartodb.com/,Location intelligence and data visualization,agency
CartStack,https://www.cartstack.com/,Abandoned cart recovery for e-commerce,agency
Casumo,https://www.casumo.com/,Online casino and gaming platform,agency
Celsius,https://celsius.network/,Cryptocurrency lending and borrowing platform,agency
ChainLink Labs,https://chainlinklabs.com/,Blockchain oracle solutions provider,agency
Chargify,https://www.chargify.com/,Subscription billing and revenue management,agency
charity: water,https://www.charitywater.org/,Non-profit organization bringing clean water,agency
CircleCI,https://circleci.com/,Continuous integration and delivery platform,agency
Circonus,https://circonus.com/,Monitoring and analytics platform,agency
Checkly,https://www.checklyhq.com,Active monitoring and testing for APIs,agency
Chef,https://www.chef.io/,Infrastructure automation and management,agency
ChefsClub,https://www.chefsclub.com.br/,Restaurant membership and benefits,agency
Chess.com,https://www.chess.com/jobs/,Online chess platform and community,agency
Chroma,https://hichroma.com/,Design and development agency,agency
CivicActions,https://civicactions.com/,Digital services for government and non-profit,agency
Civo,https://www.civo.com,Managed Kubernetes platform,agency
Clevertech,https://clevertech.biz/,Custom software development company,agency
ClickUp,https://clickup.com/,Productivity platform for teams,agency
Clootrack,https://www.clootrack.com/,Customer experience analytics platform,agency
Close,https://close.com,Sales communication and CRM software,agency
CloudApp,https://getcloudapp.com,Visual communication and collaboration tool,agency
Coalition Technologies,https://coalitiontechnologies.com/,Web design and digital marketing agency,agency
Code Like a Girl,https://codelikeagirl.com,Coding education and community for women,agency
Codea IT,https://www.codeait.com,Software development and consulting,agency
CodePen,https://codepen.io,Online code editor and community,agency
CodeSandbox,https://codesandbox.io,Online code editor and collaboration platform,agency
Codeship,https://codeship.com/,Continuous integration and delivery platform,agency
Codestunts,https://codestunts.com/,Platform for hiring and showcasing developers,agency
Cofense,https://cofense.com,Phishing defense and security solutions,agency
Coinbase,https://www.coinbase.com,Cryptocurrency exchange and wallet,agency
Coingape,https://coingape.com/,Cryptocurrency news and analysis,agency
Collabora,https://www.collabora.com/,Open-source consulting and development,agency
Comet,https://www.comet.co/,Talent marketplace for freelancers,gig
Compose,https://www.compose.io/,Database-as-a-Service platform,agency
Compucorp,https://www.compucorp.co.uk,Open-source web development agency,agency
Connexa,https://www.connexa.com/,Community management software,agency
ConsenSys,https://consensys.net/,Blockchain technology and solutions,agency
Consumer Financial Protection Bureau,https://consumerfinance.gov,Job protection and advocacy organization,agency
Continu,https://www.continu.co/,Learning and development platform,agency
Conversio,https://conversio.com/,E-commerce marketing platform,agency
Convert,https://www.convert.com,A/B testing and conversion optimization,agency
Coodesh,https://coodesh.com/,Remote job platform for developers,agency
Core-Apps,https://www.core-apps.com/,Event management and mobile app solutions,agency
CoreOS,https://coreos.com/,Container management and Kubernetes solutions,agency
Corgibytes,https://corgibytes.com,Software modernization and refactoring,agency
Coursera,https://www.coursera.org/,Online learning platform,agency
Crossover,https://www.crossover.com,Remote job platform for tech professionals,agency
Crowdstrike,https://www.crowdstrike.com,Cloud-native endpoint security solutions,agency
CrowdTangle,https://crowdtangle.com,Social media analytics and monitoring,agency
Cueup,https://cueup.io/,Platform for booking DJs and musicians,agency
Customer.io,https://customer.io,Customer engagement and messaging platform,agency
Cuvette,https://cuvette.tech,Biotechnology and diagnostics solutions,agency
CVS Health,https://jobs.cvshealth.com/,Healthcare and pharmacy services,agency
CWT,https://www.mycwt.com/,Travel management and services,agency
Cyber Whale,https://cyberwhale.tech,Cybersecurity and IT consulting,agency
Dalenys,https://dalenys.com/,Payment solutions for e-commerce,agency
DappRadar,https://dappradar.com/,Platform for discovering and analyzing dapps,agency
DareCode,https://darecode.com/,Custom software development and consulting,agency
DashboardHub,https://dashboardhub.io,Git analytics and data visualization,agency
Dashlane,https://dashlane.com,Password manager and digital wallet,agency
Data Science Brigade,https://dsbrigade.com/,Data science consulting and solutions,agency
Data Science Dojo,https://datasciencedojo.com/,Data science training and education,agency
DataCamp,https://www.datacamp.com/,Online learning platform for data science,agency
Datadog,https://www.datadoghq.com/,Monitoring and analytics platform,agency
DataStax,https://www.datastax.com/,Distributed database management,agency
Datica,https://datica.com/,Healthcare compliance and data management,agency
DealDash,http://www.dealdash.com,Online auctions and shopping platform,agency
Delighted,https://delighted.com,Customer feedback and satisfaction platform,agency
Deskpass,https://www.deskpass.com,Coworking space access platform,agency
Dev Spotlight,https://www.devspotlight.com,Developer-focused job board and community,agency
Devsquad,https://devsquad.com,Software development and consulting,agency
Dgraph,https://dgraph.io/,Distributed graph database,agency
DigitalOcean,https://www.digitalocean.com/,Cloud infrastructure provider,agency
Digitise,https://jobs.gohire.io/digitise-xwcfqaab/,Digital transformation consulting,agency
Discord,https://discord.com/,"Voice, video, and text communication platform",agency
Discourse,https://www.discourse.org/,Open-source community forum software,agency
DNSimple,https://dnsimple.com/,Domain name management and DNS services,agency
Docker,https://www.docker.com,Containerization platform,agency
Doist,https://doist.com,Productivity software development,agency
Donut App,https://www.donut.app/,Team collaboration and culture platform,agency
DroneDeploy,https://www.dronedeploy.com/,Drone mapping and aerial data platform,agency
Dropbox,https://www.dropbox.com/,Cloud storage and file synchronization,agency
Drupal Jedi,https://drupaljedi.com/,Drupal web development and consulting,agency
DuckDuckGo,https://duckduckgo.com/,Privacy-focused search engine,agency
DynaPictures,https://dynapictures.com/,Animation and visual effects studio,agency
EarthOfDrones,https://earthofdrones.com/,"Drone-related news, resources, and community",agency
EatStreet,https://eatstreet.com/,Online food ordering and delivery platform,agency
EBSCO Information,https://www.ebsco.com,Research databases and library services,agency
Eco-Mind,https://eco-mind.eu/,Sustainability consulting and services,agency
Edgar,https://meetedgar.com/,Social media scheduling and automation,agency
Edgio,https://edg.io/,API management and integration platform,agency
Edify,https://edify.cr/,Communication and collaboration platform,agency
eFishery,https://efishery.com/,Aquaculture technology and solutions,agency
Elastic,https://www.elastic.co/,Open-source search and analytics platform,agency
Emsisoft,https://www.emsisoft.com/,Anti-malware and cybersecurity solutions,agency
EngineYard (Support Team),https://www.engineyard.com/,Ruby on Rails cloud hosting and support,agency
Enok,https://www.enok.co/,Technology consulting and solutions,agency
Entrision,https://entrision.com/,Custom software development and consulting,agency
Envato,https://envato.com/,Marketplace for creative assets and services,gig
Envoy,https://envoy.com/,Visitor management and workplace platform,agency
Epam,https://epam.com/,Software engineering and IT consulting,agency
Epic Games,https://www.epicgames.com/site/en-US/careers,Video game development and distribution,agency
Epilocal,https://www.epilocal.com/,Local business discovery and recommendations,agency
Episource,https://episource.com/,Healthcare data and analytics solutions,agency
Equal Experts Portugal,https://www.equalexperts.com/contact-us/lisbon/,Agile software development and consulting,agency
Ergeon,https://www.ergeon.com/,Home improvement and remodeling services,agency
Estately,https://www.estately.com/,Real estate search and listing platform,agency
Etch,https://etch.co/,Product design and development agency,agency
Etsy,https://www.etsy.com/,Online marketplace for handmade and vintage items,gig
EVELO,https://evelo.com/,Electric bikes and mobility solutions,agency
Evil Martians,https://evilmartians.com/,Software development and design agency,agency
Evrone,https://evrone.com/,Web and mobile app development services,agency
ExportData,https://www.exportdata.io/,Data extraction and automation solutions,agency
Eyeo (Adblock Plus),https://eyeo.com/,Ad-blocking software and browser extensions,agency
FactorialHR,https://www.factorialhr.com,HR software and employee management platform,agency
Fairwinds,https://www.fairwinds.com,Kubernetes optimization and management,agency
Faithlife,https://www.faithlife.com/,Integrated ministry and community platform,agency
Fastly,https://www.fastly.com/,Content delivery network and edge cloud platform,agency
FATMAP,https://about.fatmap.com/careers,Outdoor adventure mapping and planning platform,agency
Fauna,https://www.fauna.com/,Distributed database for modern applications,agency
Featurist,https://www.featurist.co.uk/,Software testing and quality assurance services,agency
Fetlife,https://fetlife.com/,Social network for the BDSM and kink community,agency
FFW Agency,https://ffwagency.com/,Digital agency specializing in Drupal solutions,agency
Filament Group,https://www.filamentgroup.com/,Web design and development agency,agency
Findify,https://findify.io/,E-commerce search and personalization solutions,agency
Fire Engine Red,https://fire-engine-red.com/,Marketing and technology solutions,agency
Fireball Labs,https://www.fireballlabs.com,Software development and consulting,agency
FivexL,https://fivexl.io,Data-driven digital marketing agency,agency
Flexera,https://www.flexera.com/,Software asset management and IT solutions,agency
FlightAware,https://flightaware.com,Flight tracking and aviation data platform,agency
Flip,https://flip.id,Digital wallet and payment solutions,agency
Flowing,https://flowing.it,Digital innovation and design agency,agency
Fly.io,https://fly.io,Global edge application delivery network,agency
FMX,https://www.gofmx.com/,Facilities management software,agency
Focusnetworks,https://focusnetworks.com.br,IT consulting and managed services,agency
fohandboh,https://fohandboh.com/,Food and beverage ordering platform,agency
Formidable,https://www.formidable.com/,Digital product development agency,agency
Formstack,https://www.formstack.com/,Online form builder and data collection platform,agency
Four Kitchens,https://fourkitchens.com/,Web design and development agency,agency
Fraudio,https://www.fraudio.com/,Fraud detection and prevention solutions,agency
Freeagent,https://www.freeagent.com/,Accounting software for small businesses,agency
Freeletics,https://www.freeletics.com/,Fitness and training app,agency
Fuel Made,https://fuelmade.com/,E-commerce web design and development,agency
FullFabric,https://fullfabric.com/,CRM and marketing automation for higher education,agency
Functionize,https://www.functionize.com/,AI-powered software testing platform,agency
Gaggle,https://www.gaggle.net/,Student safety and communication platform,agency
Geckoboard,https://www.geckoboard.com,Data dashboard and business intelligence software,agency
General Assembly,https://generalassemb.ly/,Education and career transformation platform,agency
GEO Jobe,https://www.geo-jobe.com/,GIS and geospatial software development,agency
Gerencianet,https://gerencianet.com.br,Payment solutions for businesses in Brazil,agency
GFT,https://www.gft.com/,IT consulting and solutions,agency
Ghost Foundation,https://ghost.org/,Open-source publishing platform,agency
Ghost Inspector,https://ghostinspector.com,Automated website testing and monitoring,agency
Giant Swarm,https://giantswarm.io,Kubernetes infrastructure management platform,agency
GigSalad,https://www.gigsalad.com/,Online marketplace for booking live entertainment,gig
Gitbook,https://www.gitbook.com/,Documentation platform,agency
GitHub,https://github.com/,Web-based hosting service for version control,agency
GitLab,https://about.gitlab.com/,Web-based DevOps lifecycle tool,agency
GitPrime,https://gitprime.com/,Engineering productivity analytics,agency
Glenn Website Design,https://glennwebsitedesign.com/,Website design and development services,agency
Glitch,https://www.glitch.com/,Collaborative coding platform,agency
Gluware,https://gluware.com/,Intelligent network automation platform,agency
GoDaddy,https://www.godaddy.com/,Domain registration and web hosting services,agency
GoHiring,https://www.gohiring.com/,Applicant tracking system and recruiting software,agency
Gojob,https://gojob.com/,Freelance job platform for software developers,agency
GotPro,https://www.gotpro.com/,IT professional services,agency
Grafana Labs,https://grafana.com/,Open-source analytics and monitoring platform,agency
Gorman Health Group,https://conveyhealthsolutions.com/,Healthcare solutions provider,agency
GotSoccer,https://www.gotsoccer.com/,Soccer management software and services,agency
Granicus,https://granicus.com/,Digital engagement solutions for government,agency
Graylog,https://www.graylog.org/,Open-source log management and analytics,agency
Gremlin,https://gremlin.com,Chaos engineering platform,agency
Gridium,https://gridium.com/,Energy management and building operations software,agency
Groove,https://www.groovehq.com/,Help desk software,agency
Grou.ps,https://build.gr.ps,Social collaboration platform,agency
Grubhub,https://www.grubhub.com/,Online food ordering and delivery platform,agency
Gruntwork,https://www.gruntwork.io/,Infrastructure as code library and consulting,agency
GuideSmiths,https://www.guidesmiths.com/,Software development and consulting,agency
Hack Reactor Remote,https://www.hackreactor.com/remote/,Coding bootcamp and remote education,agency
Hanno,https://hanno.co/,Digital product design and development agency,agency
Hanzo,https://hanzo.co,Web archiving and compliance solutions,agency
Happy Cog,https://happycog.com/,Digital experience agency,agency
Harvest,https://www.getharvest.com/,Time tracking and invoicing software,agency
Hashex,https://hashex.org/,Cryptocurrency and blockchain solutions,agency
HE:labs,https://www.helabs.com,Software development agency,agency
Headway,https://www.headway.io/,Digital product studio,agency
Healthfinch,https://www.healthfinch.com/,Healthcare automation and optimization platform,agency
Heap,https://heapanalytics.com/,Product analytics platform,agency
Heetch,https://heetch.com/,Ride-hailing and transportation app,agency
Help Scout,https://www.helpscout.net/,Customer support software,agency
Heroku,https://www.heroku.com/,Cloud platform for deploying applications,agency
Hireology,https://www.hireology.com,Hiring and talent management platform,agency
HomeFlicWeGrow,https://www.homeflicwegrow.com/,Indoor gardening and automation system,agency
HomeValet,https://homevalet.co,Smart package delivery solution,agency
Honeybadger,https://www.honeybadger.io/,Exception and error monitoring for web applications,agency
Honeycomb,https://honeycomb.tv/,Observability platform for software engineering,agency
Hopper,https://www.hopper.com/,Travel booking app,agency
Hotjar,https://careers.hotjar.com/,Behavior analytics and user feedback platform,agency
Hudl,https://www.hudl.com/,Sports video analysis and coaching platform,agency
Hugo,https://hugo.events,Meeting notes and collaboration platform,agency
Human Made,https://hmn.md,WordPress and WooCommerce enterprise development,agency
HUSL Digital,https://husldigital.com,Digital marketing agency,agency
Hypergiant,https://www.hypergiant.com/contact,AI and machine learning solutions,agency
Hyperion,https://hyperiondev.com/jobs,Coding bootcamp and software development,agency
Hypothesis,https://hypothes.is,Open annotation and collaboration platform,agency
IBM,https://www.ibm.com,Technology and consulting corporation,agency
iClinic,https://iclinic.com.br/,Healthcare management software,agency
IDoneThis,https://idonethis.com/,Progress tracking and team reporting tool,agency
iFit,https://www.ifit.com/,Fitness technology and exercise equipment,agency
Igalia,https://www.igalia.com/,Open-source software development and consulting,agency
Imagine Learning,https://www.imaginelearning.com,Digital curriculum and assessment solutions,agency
Impala,https://www.getimpala.com/,Hotel data management and connectivity platform,agency
Impira,https://www.impira.com/,AI-powered document processing and analysis,agency
Implisense,https://implisense.com/,AI-based company and market intelligence platform,agency
Infinite Red,https://infinite.red,Mobile app and web development agency,agency
InfluxData,https://influxdata.com,Time series data platform,agency
Inpsyde,https://inpsyde.com/en/,WordPress agency,agency
InQuicker,https://inquicker.com,Online healthcare appointment scheduling platform,agency
Inshorts,https://www.inshorts.com/,News app providing summarized news articles,agency
Instamobile,https://instamobile.io,Mobile app templates and development services,agency
Instructure,https://www.instructure.com/,Learning management system and education technology,agency
Intellum,https://www.intellum.com,Learning experience platform,agency
Interactive Intelligence,https://www.inin.com/,Customer engagement and collaboration solutions,agency
Intercom,https://www.intercom.io,Customer messaging and support platform,agency
Interpersonal Frequency (I.F.),https://ifsight.com/,Customer service automation platform,agency
Intevity,https://www.intevity.com,Digital transformation and software engineering company,agency
Intuit Inc.,https://www.intuit.com,Financial software solutions,agency
InVision,https://www.invisionapp.com,Design collaboration and prototyping platform,agency
IOHK,https://iohk.io/,Blockchain and cryptocurrency research and development,agency
IOpipe,https://www.iopipe.com,Serverless observability platform,agency
iOS App Templates,https://www.iosapptemplates.com/,App templates and starter kits for iOS development,agency
IPInfo,https://ipinfo.io/,IP geolocation and network intelligence API,agency
"IPS Group, Inc.",https://www.ipsgroupinc.com/,Parking management and technology solutions,agency
IQVIA,https://jobs.iqvia.com/our-company,Healthcare data and technology solutions,agency
iRonin,https://www.ironin.it/,Ruby on Rails development agency,agency
Iterative,https://www.iterative.ai/,Machine learning model versioning and management platform,agency
iwantmyname,https://iwantmyname.com/,Domain name registration and management,agency
Jitbit,https://www.jitbit.com/,Help desk and customer support software,agency
Jackson River,https://jacksonriver.com/,Digital strategy and technology solutions for nonprofits,agency
Jaya Tech,https://jaya.tech/,Software development and consulting,agency
JBS Custom Software,https://www.jbssolutions.com/,Custom software development,agency
Jitera,https://iruuza-inc.com/,AI and blockchain solutions provider,agency
Jolly Good Code,https://www.jollygoodcode.com,Software consultancy specializing in Ruby on Rails,agency
journy.io,https://www.journy.io,Customer data platform and analytics,agency
Joyent,https://www.joyent.com/careers,Cloud infrastructure and services,agency
JupiterOne,https://www.jupiterone.com/careers,Cybersecurity asset management and compliance automation,agency
Kaggle,https://kaggle.com/,Platform for data science and machine learning competitions,agency
kea,https://kea.ai,Customer messaging and chat platform,agency
Keen IO,https://keen.io/,Analytics and data visualization platform,agency
Kentik,https://www.kentik.com/careers,Network intelligence and analytics platform,agency
Khan Academy,https://www.khanacademy.org/,Online education platform,agency
KickBack Rewards,https://careers.kickbacksystems.com,Customer loyalty and engagement solutions,agency
Kinsta,https://kinsta.com,Managed WordPress hosting,agency
Kiprosh,https://kiprosh.com,Software development and consulting services,agency
Kissmetrics,https://www.kissmetrics.com/,Customer analytics and engagement platform,agency
Klaviyo,https://www.klaviyo.com/,Marketing automation and email platform,agency
Knack,https://www.knack.com,No-code database and app builder,agency
Kodify,https://kodify.io,Web and mobile app development agency,agency
Koding,https://koding.com,Cloud-based development environments,agency
komoot,https://www.komoot.com,Outdoor adventure and hiking app,agency
Kona,https://www.heykona.com,AI-powered meeting assistant,agency
Konkurenta,https://konkurenta.com,Competitive intelligence platform,agency
Kraken,https://kraken.com,Cryptocurrency exchange and trading platform,agency
Kuali,https://kuali.co,Open-source administrative software for higher education,agency
Labelbox,https://labelbox.com/,Data labeling and annotation platform,agency
Lambda School,https://www.lambdaschool.com/,Online coding bootcamp and technology education,agency
Lambert Labs,https://lambertlabs.com/,Software development and consulting services,agency
LaterPay,https://www.laterpay.net/,Digital payment and monetization solutions,agency
Leadership Success,https://www.leadershipsuccess.co/,Leadership and team development services,agency
LeadiQ,https://leadiq.com/,B2B lead generation and sales intelligence platform,agency
Leadfeeder,https://www.leadfeeder.com,Website visitor tracking and lead generation tool,agency
Let's Encrypt,https://letsencrypt.org,Free and automated SSL certificate authority,agency
Lightbend,https://www.lightbend.com/,Reactive software development platform,agency
Lightspeed,https://www.lightspeedhq.com/,Point-of-sale and e-commerce solutions,agency
Linaro,https://www.linaro.org/,Open-source collaborative engineering for ARM ecosystem,agency
Lifetime Value,https://www.ltvco.com/,Customer lifetime value software and analytics platform,agency
Lincoln Loop,https://lincolnloop.com/,Web development agency specializing in Python and Django,agency
Litmus,https://litmus.com/,Email marketing and testing platform,agency
LivePerson,https://www.liveperson.com/company/careers/,Conversational AI and customer engagement solutions,agency
LINE Plus Corporation,https://linepluscorp.com/,"Subsidiary of LINE Corporation, provider of messaging and communication services",agency
Link11,https://www.link11.com/,Cloud-based DDoS protection and cybersecurity solutions,agency
Linux Foundation,https://www.linuxfoundation.org/,Non-profit organization supporting open-source projects and communities,agency
LionSher,https://lionsher.com/careers/,Software development and IT consulting company,agency
Loadsys Web Strategies,https://www.loadsys.com,Web development and digital strategy agency,agency
Localistico,https://localistico.com/,Location data management and marketing platform,agency
LogDNA,https://logdna.com/,Log management and analysis platform,agency
Lullabot,https://www.lullabot.com/,"Strategy, design, and development for Drupal websites",agency
Luxoft,https://www.luxoft.com/,Global IT service provider and software development company,agency
Lyseon Tech,https://it.coop.br/,IT cooperative specializing in software development,agency
Lytx,https://www.lytx.com/en-us/about-us/careers,Video telematics and fleet management solutions,agency
madewithlove,https://madewithlove.com/,Custom software development company,agency
Madisoft,https://labs.madisoft.it/,Software development and IT consulting agency,agency
MailerLite,https://www.mailerlite.com/,Email marketing and automation platform,agency
Manifold,https://manifold.co,Developer marketplace for APIs and cloud services,gig
Mapbox,https://www.mapbox.com/,Location data platform and mapping tools,agency
Marco Polo,https://marcopolo.me,Video communication and messaging app,agency
Marketade,https://www.marketade.com/,Digital marketing and UX consulting agency,agency
MarsBased,https://marsbased.com/,Development consultancy focused on web and mobile apps,agency
Massive Pixel Creation,https://massivepixel.io,Web design and development studio,agency
Mayvue,https://mayvue.com/,Digital product development and consulting company,agency
Mediacurrent,https://www.mediacurrent.com/,Drupal web development and digital strategy agency,agency
Mediavine,https://www.mediavine.com/,Ad management platform for content creators and publishers,agency
Medium,https://medium.com/,Online publishing platform for writers and content creators,agency
Memberful,https://memberful.com,Membership and subscription management platform,agency
Memory,https://memory.ai/,AI-powered time tracking and productivity software,agency
Mercari,https://about.mercari.com/en/,Online marketplace for buying and selling used goods,gig
Merico,https://merico.dev/,Code analytics and software engineering platform,agency
MeridianLink,https://meridianlink.com/,Loan origination and digital banking solutions,agency
MetaLab,https://metalab.co,Digital product design agency,agency
MetaMask,https://metamask.io,Ethereum wallet and decentralized app browser,agency
MeteorOps,https://meteorops.com,DevOps automation and observability platform,agency
Microsoft,https://www.microsoft.com/,"Technology company providing software, services, and devices",agency
Mindful,https://getmindful.com/,Mental health and well-being platform,agency
Mixcloud,https://www.mixcloud.com/,Online audio streaming platform for DJs and radio presenters,agency
Mixmax,https://mixmax.com,Email productivity and automation tools,agency
MixRank,https://mixrank.com,Competitive intelligence platform for digital advertising,agency
Mobile Jazz,https://mobilejazz.com,Mobile app development and consulting company,agency
Modern Health,https://www.modernhealth.com/,Mental health and wellness platform for employers,agency
Modern Tribe,https://tri.be/,WordPress web development agency,agency
Modsquad,https://modsquad.com/,Global customer support and content moderation services,agency
Molteo,https://molteo.com/,Software development and consulting company,agency
MongoDB,https://mongodb.com,Document-oriented NoSQL database,agency
Monthly,https://monthly.com,Subscription billing and management platform,agency
Mozilla,https://www.mozilla.org/,Non-profit organization developing open-source software,agency
mtc.,https://www.mtcmedia.co.uk,Digital agency providing web design and development services,agency
Muck Rack,https://muckrack.com,Media database and PR software,agency
Mux,https://mux.com,Video infrastructure platform,agency
Mycelium,https://mycelium.ventures,Blockchain and cryptocurrency development company,agency
MySQL,https://www.mysql.com/,Open-source relational database management system,agency
Nagarro,https://www.nagarro.com/en,IT consulting and software development services,agency
NetApp,https://www.netapp.com/,Data management and cloud storage solutions,agency
Netguru,https://www.netguru.com,Software development and consulting company,agency
Netris,https://www.netris.ai,Network automation and cybersecurity solutions,agency
Netsparker,https://www.netsparker.com,Web application security scanner,agency
Nettl Edinburgh,https://www.webdesignedinburgh.co.uk,Web design and digital marketing agency,agency
New Context,https://www.newcontext.com,DevSecOps and digital transformation services,agency
NEXT,https://www.nexttrucking.com,Trucking technology platform for carriers and shippers,agency
No Code No Problem,https://www.nocodenoprob.com/,No-code development resources and education,agency
NodeSource,https://nodesource.com,Node.js solutions and enterprise-grade support,agency
NoRedInk,https://noredink.com,Online learning platform for English language skills,agency
Novoda,https://www.novoda.com,Mobile app development agency,agency
npm,https://www.npmjs.com,Package manager for JavaScript,agency
Nuage,https://nuagebiz.tech,IT services and solutions provider,agency
Nuna,https://www.nuna.com,Data and analytics platform for healthcare,agency
Nvidia,https://www.nvidia.com,Graphics processing units (GPUs) and AI computing solutions,agency
O'Reilly Media,https://www.oreilly.com,Technology learning resources and publishing,agency
Ocient,https://ocient.com,Data analytics and storage platform,agency
Octopus Deploy,https://octopus.com,Automated deployment and release management tool,agency
Oddball,https://oddball.io,Digital product and software development agency,agency
Okta,https://www.okta.com,Identity and access management platform,agency
Olark,https://www.olark.com,Live chat and customer support software,agency
Olist,https://olist.com,E-commerce marketplace platform for small businesses,gig
Ollie,https://www.myollie.com,Customized dog food subscription service,agency
Ollie Order,https://ollieorder.com/,Restaurant online ordering and delivery platform,agency
Olo,https://www.olo.com,Digital ordering and delivery platform for restaurants,agency
OmbuLabs,https://www.ombulabs.com,Ruby on Rails development and consulting services,agency
OmniTI,https://omniti.com,Scalable web infrastructure and performance engineering,agency
Onna,https://onna.com,Knowledge integration platform for enterprises,agency
Opencity Labs,https://opencitylabs.it/,Web and mobile app development agency,agency
OpenCraft,https://opencraft.com/,Online learning platform development and consulting,agency
OpenZeppelin,https://openzeppelin.com/,Open-source development and security for decentralized apps,agency
Optoro,https://www.optoro.com/,Returns optimization and reverse logistics platform,agency
Oracle,https://www.oracle.com/,Technology corporation offering cloud and enterprise solutions,agency
Ordermentum,https://www.ordermentum.com/,B2B ordering and payments platform for the hospitality industry,agency
Our-Hometown Inc.,https://our-hometown.com/,Newspaper and media publishing software solutions,agency
OutsourcingDev,https://www.outsourcingdev.com/,Software development and IT outsourcing services,agency
Over,https://www.madewithover.com/,Mobile app for adding text and artwork to photos,agency
Packlink,https://www.packlink.com/,Shipping and logistics platform for businesses,agency
Pagepro,https://pagepro.co,Web development and design agency,agency
PagerDuty,https://pagerduty.com,Digital operations management platform,agency
Paktor,https://www.gopaktor.com/,Dating and social networking app,agency
Palantir.net,https://www.palantir.net/,Web development and strategy agency,agency
Panther Labs,https://runpanther.io/,Cloud-scale intrusion detection and response platform,agency
Parabol,https://www.parabol.co/,Agile meeting and retrospective software,agency
Park Assist,https://tech.parkassist.com,Parking guidance and management systems,agency
Parse.ly,https://www.parse.ly/,Content analytics and optimization platform,agency
Parsely,https://www.parsely.com/,Real-time analytics and audience insights for publishers,agency
Particular Software,https://particular.net,Messaging and event-driven systems with NServiceBus,agency
Pathable,https://pathable.com/,Event app and community platform for conferences,agency
Payfully,https://www.payfully.co,Instant rent payments and advances for vacation rentals,agency
Paylocity,https://www.paylocity.com/,HR and payroll software solutions,agency
PayScale,https://www.payscale.com/,Compensation data and software solutions,agency
Paytm Labs,https://paytmlabs.com/,Mobile payments and financial services,agency
PayU,https://corporate.payu.com,Online payment service provider,agency
Peachworks,https://www.getbeyond.com/peach,Restaurant management software platform,agency
PeopleDoc,https://www.people-doc.com,HR service delivery and employee experience platform,agency
Percona,https://www.percona.com/,Open-source database software and services,agency
Pex,https://pex.com,Rights management and video analytics platform,agency
Platform Builders,https://platformbuilders.io/,Digital transformation and software development services,agency
Platform.sh,https://platform.sh/,Cloud hosting and development platform for web applications,agency
Pleo,https://www.pleo.io/,Business expense management software,agency
Plex,https://plex.tv,Media streaming platform,agency
PNC Financial Services,https://www.pnc.com/,Financial services and banking,agency
Polygon,https://polygon.technology/careers/,Blockchain scalability solutions and infrastructure,agency
PowerSchool,https://www.powerschool.com/,Education technology platform,agency
Pragma,https://www.pragma.co/,Venture builder and innovation consultancy,agency
Precision Nutrition,https://www.precisionnutrition.com/,Nutrition coaching and certification company,agency
Predict Mobile,https://predictmobile.com/,Mobile app development agency,agency
Prelude,https://www.prelude.co/,Digital consultancy and software development,agency
PreviousNext,https://www.previousnext.com.au/,Drupal website development and support,australia
Prezi,https://prezi.com/jobs/,Presentation software and visual storytelling platform,agency
Prezly,https://www.prezly.com/,PR software for media relations and communications,agency
PricewaterhouseCoopers,https://www.pwc.com,Professional services and consulting firm,agency
Primer,https://primer.io/careers,Fintech company offering cross-border payments,agency
Prisma,https://www.prisma.io/,Database toolkit for building and querying databases,agency
PrivacyCloud,https://www.privacycloud.com/en,Privacy compliance and data protection solutions,agency
Procenge Tecnologia,https://www.procenge.com.br,Software development and IT consulting services,agency
Procurify,https://procurify.com/careers,Spend management and purchasing software,agency
Progress Engine,https://www.progress-engine.com/en,Software development and digital product consultancy,agency
Prominent Edge,https://prominentedge.com/careers,Custom software development and consulting services,agency
Puppet,https://puppet.com/,IT automation and configuration management software,agency
Quaderno,https://quaderno.io/,Automated tax compliance and invoicing software,agency
Quantify,https://quantifyhq.com,Data analytics and business intelligence platform,agency
QuestDB,https://questdb.io,Open-source time-series database,agency
Quora,https://www.quora.com,Question-and-answer platform,agency
Raft,https://goraft.tech,Software development and consulting services,agency
Rainforest QA,https://www.rainforestqa.com/jobs/,Continuous testing platform for web and mobile applications,agency
Rakuten Travel,https://solutions.travel.rakuten.com,Online travel agency and booking platform,agency
Ramp,https://www.ramp.com/,Corporate card and spend management platform,agency
Reaction Commerce,https://reactioncommerce.com/careers/,Open-source commerce platform,agency
"ReactiveOps, Inc.",https://www.reactiveops.com,Managed services and cloud infrastructure consulting,agency
real.digital,https://www.real-digital.de,E-commerce platform for online retailers,agency
RealtimeCRM,https://realtimecrm.co.uk/,Customer relationship management software,agency
RebelMouse,https://www.rebelmouse.com/,Content management and digital publishing platform,agency
Reboot Studio,https://www.reboot.studio/,Software development and digital solutions,agency
ReCharge,https://rechargepayments.com/,Subscription billing and payments platform,agency
Recurly,https://recurly.com/,Subscription management and billing platform,agency
Reddit,https://www.redditinc.com,Social news aggregation and discussion platform,agency
RedMonk,https://redmonk.com,Developer-focused industry analyst firm,agency
Red Hat,https://www.redhat.com,Open-source software and enterprise solutions,agency
Redox,https://www.redoxengine.com/,Healthcare integration and interoperability platform,agency
Reducer,https://reducer.co.uk,Software development and consultancy services,agency
reinteractive,https://reinteractive.com/careers,Ruby on Rails development and consulting services,agency
Remote Garage,http://www.remotegarage.club/,Web and mobile app development company in India,agency
RenoFi,https://renofi.com/,Home renovation financing platform,agency
Replit,https://replit.com,Online coding and collaboration platform,agency
Research Square,https://www.researchsquare.com/,Research communication and publishing platform,agency
Revolut,https://www.revolut.com/,Digital banking and financial services,agency
Roadtrippers,https://www.roadtrippers.com,Trip planning and travel discovery platform,agency
Rocket.Chat,https://rocket.chat,Open-source team collaboration platform,agency
rtCamp,https://rtcamp.com,WordPress development and consulting services,agency
Safeguard Global,https://www.safeguardglobal.com/,Global workforce management and HR services,agency
Salesforce,https://www.salesforce.com/,Customer relationship management and cloud computing,agency
Scrapinghub,https://scrapinghub.com/,Web scraping and data extraction platform,agency
ScyllaDB,https://scylladb.com/,NoSQL database for real-time big data applications,agency
Scalac,https://scalac.io/,Software development and consulting services,agency
Scandit,https://scandit.com,Barcode scanning and computer vision solutions,agency
Scopic Software,https://scopicsoftware.com/,Custom software development and IT solutions,agency
ScrapingBee,https://www.scrapingbee.com/,Web scraping API and tools,agency
Seaplane,https://www.seaplane.io/,Infrastructure automation and deployment platform,agency
SecurityScorecard,https://securityscorecard.com/,Cybersecurity ratings and risk management platform,agency
Seeq,https://www.seeq.com,Industrial analytics software,agency
Semaphore,https://semaphoreci.com,Continuous integration and delivery platform,agency
Sendwave,https://www.sendwave.com/,Money transfer and remittance platform,agency
SerpApi,https://serpapi.com/,API for search engine results scraping,agency
Server Density,https://www.serverdensity.com,Server and infrastructure monitoring platform,agency
ServMask,https://servmask.com,WordPress backup and migration plugins,agency
Session,https://getsession.com,Private and secure messaging app,agency
Shareup,https://shareup.app,Collaboration and knowledge sharing platform,agency
Shippabo,https://shippabo.com,Shipping and logistics platform,agency
Shogun,https://getshogun.com,E-commerce website builder and optimization tools,agency
Shopify,https://www.shopify.com,E-commerce platform for online stores,agency
Sigma Defense,https://sigmadefense.com,Cybersecurity and threat intelligence solutions,agency
SignEasy,https://signeasy.com/,Electronic signature software,agency
Silverfin,https://www.silverfin.com/,Financial process automation platform,agency
simplabs,https://simplabs.com/,Web and mobile app development agency,agency
SimpleTexting,https://simpletexting.com/,Business SMS and text marketing platform,agency
Six to Start,https://sixtostart.com,Game development and augmented reality experiences,agency
Skillcrush,https://skillcrush.com,Online coding and digital skills training,agency
Skillshare,https://www.skillshare.com/teach,Online learning platform for creative and professional skills,agency
Skyrocket Ventures,https://www.skyrocketventures.com/,Technology recruitment and talent acquisition,agency
SmartCash,https://www.smartcash.cc/,Cryptocurrency and blockchain-based financial platform,agency
Smile.io,https://smile.io,Customer loyalty and rewards platform,agency
Smmile Digital,https://smmile.com,Digital marketing agency based in Singapore,agency
Socket Supply Co.,https://socketsupply.co,Electrical supply company,agency
SoftwareMill,https://softwaremill.com/,Software development and consulting services,agency
Sommo,https://www.sommo.io/,Human resources and employee management platform,agency
Soostone,https://www.soostone.com/,Data-driven pricing and revenue optimization solutions,agency
Soshace,https://www.soshace.com/,Remote IT staffing and software development company,agency
Spoqa,https://spoqa.co.kr/,Loyalty and marketing platform for businesses in Korea,agency
Spotify,https://www.spotify.com/,Music streaming platform,agency
Spreaker,https://spreaker.com/,Podcast hosting and distribution platform,agency
Spreedly,https://spreedly.com/,Payment infrastructure and secure data tokenization,agency
Spruce,https://getspruce.com/,Home services platform for property management,agency
Stack Exchange,https://stackexchange.com/,Network of Q&A communities,agency
Stairlin,https://www.stairlin.com/,IT consulting and software development company,agency
Status,https://www.status.im/,Secure messaging and decentralized communication platform,agency
Stencil,https://getstencil.com/,Graphic design tool for social media and marketing,agency
Sticker Mule,https://www.stickermule.com/,Custom sticker printing and packaging services,agency
Stitch Fix,https://www.stitchfix.com,Online personal styling and clothing subscription service,agency
StoneCo,https://www.stone.co/,Financial technology and payment solutions provider,agency
StormX,https://stormx.io/,Crypto cashback and rewards platform,agency
Strapi,https://strapi.io/careers,Open-source headless CMS and API development platform,agency
StreamNative,https://streamnative.io/careers,Cloud-native event streaming and messaging platform,agency
Stripe,https://stripe.com/,Online payment processing platform,agency
StudySoup,https://studysoup.com/,Online marketplace for study materials and tutoring,gig
Superplayer & Co,https://superplayer.company/,Audio content and streaming platform for businesses,agency
Surevine,https://www.surevine.com/,Secure collaboration and information sharing solutions,agency
SUSE,https://www.suse.com/,Open-source software solutions and Linux distributions,agency
Sutherland CloudSource,https://www.sutherlandcloudsource.com,Business process outsourcing services,agency
SweetRush,https://www.sweetrush.com,Custom eLearning and training solutions,agency
Swimlane,https://www.swimlane.com,Security operations management and automation platform,agency
Sysdig,https://sysdig.com/,Cloud-native security and monitoring solutions,agency
Tag1 Consulting,https://tag1consulting.com/,Web development and consulting services,agency
Taplytics,https://taplytics.com/,Mobile A/B testing and optimization platform,agency
Taskade,https://taskade.com/,Collaborative workspace and task management tool,agency
TatvaSoft,https://www.tatvasoft.com/,Software development and outsourcing company,agency
TaxJar,https://www.taxjar.com,Sales tax automation and compliance software,agency
Teamflow,https://www.teamflowhq.com/,Virtual office and team collaboration platform,agency
TeamSnap,https://www.teamsnap.com,Sports team management and communication platform,agency
TeamUltra,https://www.computacenter.com/,IT service management and consulting services,agency
TED,https://www.ted.com/,Nonprofit organization for spreading ideas through talks,agency
Teleport,https://teleport.org/,Platform for digital nomads and remote work information,agency
Telerik,https://www.telerik.com/,UI/UX development tools and software solutions,agency
Telestax,https://telestax.com/,CPaaS platform for building real-time communication apps,agency
Tenable,https://www.tenable.com/,Cybersecurity solutions and vulnerability management,agency
Teravision Technologies,https://teravisiontech.com/,Custom software development company,agency
Test Double,https://testdouble.com/,Software development consulting and testing services,agency
TestGorilla,https://www.testgorilla.com/,Pre-employment assessment and screening platform,agency
The Crafters Lab,https://thecrafterslab.eu/,Digital agency offering software development services,agency
The Grid,https://thegrid.io/,Website creation and design platform,agency
The Publisher Desk,https://www.publisherdesk.com,Digital advertising and monetization platform,agency
The Scale Factory,https://www.scalefactory.com/,DevOps and cloud consulting services,agency
The Wirecutter,https://thewirecutter.com/,Product reviews and buying guides website,agency
TheoremOne,https://theoremone.co/,Data analytics and insights platform,agency
Thinkful,https://www.thinkful.com/,Online coding bootcamp and education platform,agency
Third Iron,https://thirdiron.com/,Library software and tools for academic institutions,agency
Thorn,https://thorn.org/,Nonprofit organization fighting child exploitation online,agency
TimeSpot,https://timespothq.com/,Workforce management and time tracking solutions,agency
Tipe,https://tipe.io,Headless CMS and content infrastructure platform,agency
Toast,https://pos.toasttab.com/,Restaurant management and point-of-sale solutions,agency
toggl,https://toggl.com/,Time tracking and productivity software,agency
Tower,https://www.git-tower.com/,Git client and version control tool,agency
Transition Technologies Advanced Solutions,http://www.tt.com.pl/,Software development and IT services (Poland),agency
Transloadit,https://transloadit.com/,File and media processing platform,agency
Travis,https://travistravis.co,Personal website and blog,agency
Travis CI,https://travis-ci.org/,Continuous integration and deployment platform,agency
Treehouse,https://teamtreehouse.com/,Online coding and technology education platform,agency
Trello,https://trello.com/,Collaborative project management tool,agency
Truelogic Software,https://www.truelogicsoftware.com/,Software development and consulting company (Latin America),agency
TrussWorks,https://truss.works,Digital consultancy and engineering services,agency
Tuft & Needle,https://www.tuftandneedle.com/,Mattress and bedding company,agency
Turing,https://www.turing.com/,Platform for hiring remote software developers,agency
Twilio,https://www.twilio.com/,Cloud communications and customer engagement platform,agency
Two.ai,https://www.two.ai/,AI-powered productivity tool,agency
Udacity,https://www.udacity.com/,Online education platform focused on technology skills,agency
Uhuru Network,https://uhurunetwork.com/,Custom software development company (Africa),agency
Uncapped,https://weareuncapped.com/,Revenue-based financing for startups,agency
Upworthy,https://www.upworthy.com/,Media company focusing on positive and inspiring content,agency
USAA,https://usaa.com,Financial services company,agency
Ushahidi,https://www.ushahidi.com/,Open-source platform for crowdsourced mapping and reporting,agency
uShip,https://www.uship.com/,Online marketplace for shipping and transport services,gig
Valimail,https://www.valimail.com/,Email security and authentication solutions,agency
Varnish Software,https://www.varnish-software.com/about-us,Web application acceleration and content delivery solutions,agency
vast limits,https://vastlimits.com/,Software development and consultancy services (Germany),agency
Vercel,https://vercel.com/,Cloud platform for static sites and serverless functions,agency
Veryfi,https://veryfi.com/about,AI-powered data extraction and automation for financial apps,agency
Viperdev,https://viperdev.io,Software development and consulting services,agency
Virta Health,https://www.virtahealth.com,Digital healthcare platform for diabetes treatment,agency
VMware,https://www.vmware.com/in.html,Virtualization and cloud computing software and services,agency
Vox Media (Product Team),https://www.voxmedia.com/,Media company specializing in digital content and publishing,agency
Voxy,https://boards.greenhouse.io/voxy,Language learning platform,agency
VSHN,https://vshn.ch/jobs,DevOps and cloud hosting services (Switzerland),agency
WalletHub,https://wallethub.com/jobs/,Financial information and comparison platform,agency
WebDevStudios,https://webdevstudios.com/,WordPress development agency,agency
WebFX,https://www.webfx.com,Digital marketing agency,agency
Webikon,https://www.webikon.sk/en/,Web development and design agency (Slovakia),agency
Webrunners,https://www.webrunners.de/en/,Software development and IT consulting services (Germany),agency
Wells Fargo,https://www.wellsfargo.com/,Financial services company,agency
wemake.services,https://wemake.services/,Software development and engineering services,agency
WeMakeMVP,https://www.wemakemvp.com/,Software development agency specializing in MVPs,agency
Whitecap SEO,https://www.whitecapseo.com/,Search engine optimization and digital marketing agency,agency
Whitespectre,https://whitespectre.com,Custom software development agency,agency
wikiHow: About-wikiHow,https://www.wikihow.com/wikiHow:About-wikiHow,Collaborative website providing how-to guides and tutorials,agency
Wikimedia Foundation,https://wikimediafoundation.org,Non-profit organization supporting Wikipedia and others,agency
Wildbit,https://wildbit.com/,Web development and collaboration tools,agency
Wizeline,https://www.wizeline.com/,Product development and software engineering services,agency
Wolfram,https://www.wolfram.com,Computational intelligence and technical computing,agency
Wolverine Trading,https://www.wolve.com/,Proprietary trading firm,agency
Wombat Security,https://www.wombatsecurity.com/,Cybersecurity awareness and training solutions,agency
WP-Media,https://wp-media.me/,WordPress plugin development company,agency
X-Team,https://x-team.com/,Distributed software development team,agency
Ð¥Ð°Ñ€Ð¾,https://xapo.com/en/,Bitcoin wallet and digital banking platform,agency
XP Inc,https://www.xpi.com.br/,Financial services and brokerage company (Brazil),agency
Yandex,https://yandex.com/,Russian multinational technology company,agency
YAZIO,https://www.yazio.com/en/jobs,Nutrition tracking app and platform,agency
Yodo1,https://www.yodo1.com/en/,Game publishing and monetization platform,agency
Yonder,https://www.yonder.io,Distributed team for software development projects,agency
You Need A Budget,https://www.youneedabudget.com/,Personal budgeting software,agency
YouCanBook.me Ltd,https://youcanbook.me,Online scheduling and booking platform,agency
ZAMP,https://zamp.com.br/,Software development and consulting company (Brazil),agency
Zapier,https://zapier.com/,Automation tool for connecting apps and workflows,agency
Zeit.io,https://zeit.io/,Cloud deployment and hosting platform,agency
ZenRows,https://www.zenrows.com/,Crypto trading and investment analytics platform,agency
Zignaly.com,https://zignaly.io/,Cryptocurrency trading platform and signals,agency
Zip.co,https://zip.co/us/,"Digital wallet and buy now, pay later platform",agency
Zolar,https://www.zolar.de/,Solar energy provider and installation services (Germany),agency
Zup,https://zup.com.br/,Digital innovation and software development company (Brazil),agency
Microwork,https://microwork.app/,A platform that provides micro-task opportunities for remote workers.,agency
Voicebunny,https://voicebunny.com/,"A marketplace for voiceover professionals, including remote work opportunities.",gig
Voices,https://www.voices.com/,Connects businesses with voiceover artists for various projects.,agency
Askwonder,https://askwonder.com/,Platform that offers remote work opportunities for researchers.,agency
Capitaltyping,https://www.capitaltyping.com/,"Provides transcription, translation, and data entry services while hiring remote workers.",agency
Picoworkers,https://picoworkers.com/,Platform that offers remote work opportunities.,agency
AWS Mechanical Turk,https://www.mturk.com/,"A crowdsourcing marketplace for micro-tasks, offering remote work opportunities.",gig
Rocket Station,https://rocketstation.com/,"Offers outsourcing solutions, including virtual assistant services for businesses.",hiring-filipino-vas
Sphere Rocket,https://sphererocket.com/,Provides virtual assistant services to help businesses grow and succeed.,hiring-filipino-vas
Zoomployee,https://zoomployee.com/,"A platform that connects businesses with remote workers, including virtual assistants.",hiring-filipino-vas
Workhub Atexto,https://workhub.atexto.com/,Offers transcription and data annotation services while hiring remote workers.,agency
Work Abroad PH,https://www.workabroad.ph/,A job board that offers overseas job opportunities for Filipino workers.,hiring-filipino-vas
Reva Global,https://revaglobal.com/,"Offers virtual staffing solutions for businesses, including virtual assistants.",hiring-filipino-vas
The Results Guy,https://theresultsguy.com/,Provides virtual assistant services to help businesses grow and succeed.,hiring-filipino-vas
VPM Solutions,https://vpmsolutions.com/,Offers virtual project management services for businesses.,agency
Phyllis Song Agency,https://phyllissongagency.com/,"Offers virtual staffing solutions for businesses, including virtual assistants.",hiring-filipino-vas
Athena Go,https://athenago.com/,Premier agency offering world-class training and high-paying full-time executive assistant roles for top-tier global clients.,hiring-filipino-vas
Belay Solutions,https://belaysolutions.com/work-with-us/,"Offers virtual staffing solutions, including virtual assistants and bookkeepers.",hiring-filipino-vas
Okrelax,https://okrelax.com/,A platform that connects users with virtual assistants for personal and professional tasks.,hiring-filipino-vas
VaVa Virtual Assistants,https://www.vavavirtual.com/,"Offers virtual staffing solutions, including virtual assistants and other remote workers.",hiring-filipino-vas
Outsource Plug,https://outsourceplug.com/,Provides virtual assistant services to help businesses with various tasks.,hiring-filipino-vas
Rare Job PH,https://www.rarejob.com.ph/,Offers online English teaching opportunities for Filipino tutors.,hiring-filipino-vas
Home Service VA,https://www.homeserviceva.com/,Provides virtual assistant services for home service businesses.,hiring-filipino-vas
Boss Job PH,https://bossjob.ph/,A job board that connects employers with job seekers in the Philippines.,hiring-filipino-vas
Online Jobs PH,https://onlinejobs.ph,A job board that connects employers with talented Filipino remote workers.,hiring-filipino-vas
Remote Jobseeker,https://remotejobseeker.com/,Offers resources and job listings for remote workers.,agency
GHL Champs Community,https://www.facebook.com/share/g/1FNqaBjAi9/,"Filipino freelance community group for networking, support, and job leads.",hiring-filipino-vas
Funnel Mastery Community,https://www.facebook.com/groups/759096116269465,"Filipino freelance community group for networking, support, and job leads.",hiring-filipino-vas
Kohi Klubhouse,https://www.facebook.com/groups/kohiklubhouse,"Filipino freelance community group for networking, support, and job leads.",hiring-filipino-vas
Molongski Freelancers,https://www.facebook.com/groups/2683761385273781,"Filipino freelance community group for networking, support, and job leads.",hiring-filipino-vas
The Freelance Movement Tribe,https://www.facebook.com/groups/tfmfreeworkshop,"Filipino freelance community group for networking, support, and job leads.",hiring-filipino-vas
Accounting Pifolz,https://www.facebook.com/groups/4371876416201967,"Filipino freelance community group for networking, support, and job leads.",hiring-filipino-vas
FHMOMS,https://www.facebook.com/groups/fhmoms,"Filipino freelance community group for networking, support, and job leads.",hiring-filipino-vas
Creative Earners Philippines,https://www.facebook.com/groups/creativeearnersph,"Filipino freelance community group for networking, support, and job leads.",hiring-filipino-vas
Work From Homies PH,https://www.facebook.com/groups/workfromhomiesph/,"Filipino freelance community group for networking, support, and job leads.",hiring-filipino-vas
YourVABuddy,https://www.facebook.com/groups/5466108276753721,"Filipino freelance community group for networking, support, and job leads.",hiring-filipino-vas
Pinoy Beats AI,https://www.facebook.com/groups/1135420410847576,"Filipino freelance community group for networking, support, and job leads.",hiring-filipino-vas
WFH Philippines Jobs,https://www.facebook.com/groups/wfhphilippines.freelance.jobs/,"Filipino freelance community group for networking, support, and job leads.",hiring-filipino-vas
